{"cameraMode":{"drawMode":0,"name":"Shaded","section":"Shading Mode"},"sceneLighting":false,"audioPlay":false,"sceneViewState":{"showFog":true,"showMaterialUpdate":false,"showSkybox":true,"showFlares":true,"showImageEffects":true,"showParticleSystems":true},"in2DMode":false,"pivot":{"x":-2.053636074066162,"y":0.6764296293258667,"z":0.6908824443817139},"rotation":{"x":-0.09309332817792893,"y":-0.8878440260887146,"z":0.20630040764808656,"w":-0.40064099431037905},"size":3.687304973602295,"orthographic":false}